{
  "sample_resumes": [
    {
      "id": 1,
      "name": "Sarah Chen",
      "email": "sarah.chen@email.com",
      "title": "Senior Data Analyst",
      "location": "San Francisco, CA",
      "experience_years": 5,
      "skills": [
        "Python",
        "SQL",
        "Tableau",
        "Power BI",
        "Statistics",
        "Machine Learning",
        "Excel",
        "R"
      ],
      "education": [
        {
          "degree": "M.S. Data Science",
          "university": "UC Berkeley",
          "year": "2019"
        }
      ],
      "experience": [
        {
          "title": "Senior Data Analyst",
          "company": "TechCorp Inc.",
          "duration": "2021-Present",
          "achievements": [
            "Improved customer retention by 23% through predictive analytics",
            "Automated reporting processes saving 15 hours/week",
            "Built real-time dashboards serving 500+ stakeholders"
          ]
        }
      ],
      "ats_score": 87,
      "keyword_matches": 15,
      "missing_keywords": [
        "A/B Testing",
        "Apache Spark",
        "AWS"
      ]
    },
    {
      "id": 2,
      "name": "Marcus Rodriguez",
      "email": "m.rodriguez@email.com",
      "title": "Software Engineer",
      "location": "Austin, TX",
      "experience_years": 3,
      "skills": [
        "JavaScript",
        "React",
        "Node.js",
        "Python",
        "MongoDB",
        "Docker",
        "Git",
        "AWS"
      ],
      "education": [
        {
          "degree": "B.S. Computer Science",
          "university": "UT Austin",
          "year": "2020"
        }
      ],
      "experience": [
        {
          "title": "Full Stack Developer",
          "company": "StartupXYZ",
          "duration": "2020-Present",
          "achievements": [
            "Developed microservices handling 1M+ requests daily",
            "Reduced application load time by 40%",
            "Led team of 4 junior developers"
          ]
        }
      ],
      "ats_score": 92,
      "keyword_matches": 18,
      "missing_keywords": [
        "Kubernetes",
        "TypeScript"
      ]
    },
    {
      "id": 3,
      "name": "Emily Johnson",
      "email": "emily.j@email.com",
      "title": "Marketing Manager",
      "location": "New York, NY",
      "experience_years": 7,
      "skills": [
        "Digital Marketing",
        "SEO",
        "Google Analytics",
        "Social Media",
        "Content Strategy",
        "A/B Testing",
        "HubSpot"
      ],
      "education": [
        {
          "degree": "MBA Marketing",
          "university": "NYU Stern",
          "year": "2017"
        }
      ],
      "experience": [
        {
          "title": "Marketing Manager",
          "company": "Global Brands Co",
          "duration": "2019-Present",
          "achievements": [
            "Increased organic traffic by 150% in 18 months",
            "Managed $2M annual marketing budget",
            "Launched 15+ successful campaigns with 25% avg CTR improvement"
          ]
        }
      ],
      "ats_score": 78,
      "keyword_matches": 12,
      "missing_keywords": [
        "PPC",
        "Marketing Automation",
        "Salesforce"
      ]
    }
  ],
  "sample_job_postings": [
    {
      "id": 1,
      "title": "Senior Data Analyst",
      "company": "Meta",
      "location": "Menlo Park, CA",
      "salary_range": "$120,000 - $180,000",
      "required_skills": [
        "Python",
        "SQL",
        "Tableau",
        "Statistics",
        "A/B Testing",
        "Machine Learning",
        "Apache Spark"
      ],
      "required_experience": "4-6 years",
      "description": "We're looking for a Senior Data Analyst to join our Growth team...",
      "posted_date": "2024-01-15",
      "applications": 847,
      "matches_count": 23
    },
    {
      "id": 2,
      "title": "Full Stack Engineer",
      "company": "Google",
      "location": "Mountain View, CA",
      "salary_range": "$140,000 - $220,000",
      "required_skills": [
        "JavaScript",
        "React",
        "Node.js",
        "Python",
        "Kubernetes",
        "Docker",
        "GCP"
      ],
      "required_experience": "3-5 years",
      "description": "Join our team building next-generation web applications...",
      "posted_date": "2024-01-12",
      "applications": 1203,
      "matches_count": 156
    }
  ],
  "reddit_career_insights": [
    {
      "category": "Data Science",
      "insights": [
        "Python and SQL are absolutely essential - mentioned in 95% of job postings",
        "Portfolio projects matter more than certifications according to hiring managers",
        "Average salary jump is $25k when moving from analyst to senior analyst role",
        "Remote work availability increased by 340% since 2020"
      ],
      "trending_skills": [
        "ChatGPT/LLM integration",
        "dbt",
        "Snowflake",
        "Apache Airflow"
      ],
      "salary_trends": {
        "entry_level": "$70,000 - $95,000",
        "mid_level": "$95,000 - $130,000",
        "senior_level": "$130,000 - $180,000"
      }
    },
    {
      "category": "Software Engineering",
      "insights": [
        "TypeScript adoption growing rapidly - now in 67% of React job postings",
        "System design interviews are becoming standard even for mid-level roles",
        "Companies prioritizing full-stack skills over specialized frontend/backend",
        "AI/ML integration becoming expected skill for senior engineers"
      ],
      "trending_skills": [
        "TypeScript",
        "Next.js",
        "Kubernetes",
        "GraphQL",
        "Rust"
      ],
      "salary_trends": {
        "entry_level": "$85,000 - $120,000",
        "mid_level": "$120,000 - $160,000",
        "senior_level": "$160,000 - $250,000"
      }
    }
  ],
  "linkedin_style_data": {
    "industry_trends": [
      {
        "industry": "Technology",
        "growth_rate": "+15.2%",
        "hot_roles": [
          "AI Engineer",
          "DevOps Engineer",
          "Product Manager"
        ],
        "avg_salary_increase": "+12%"
      },
      {
        "industry": "Finance",
        "growth_rate": "+8.7%",
        "hot_roles": [
          "Quantitative Analyst",
          "Risk Manager",
          "Fintech Developer"
        ],
        "avg_salary_increase": "+9%"
      }
    ],
    "skill_demand": [
      {
        "skill": "Python",
        "demand_growth": "+45%",
        "avg_salary_premium": "$15k"
      },
      {
        "skill": "Cloud Computing",
        "demand_growth": "+67%",
        "avg_salary_premium": "$22k"
      },
      {
        "skill": "Machine Learning",
        "demand_growth": "+89%",
        "avg_salary_premium": "$28k"
      }
    ]
  },
  "market_analysis": {
    "job_market_health": {
      "overall_score": 78,
      "new_postings_weekly": 45670,
      "avg_time_to_hire": "32 days",
      "competition_level": "Moderate",
      "remote_opportunities": "68%"
    },
    "resume_benchmarks": {
      "avg_ats_score": 72,
      "avg_keywords_matched": 11,
      "top_performing_sections": [
        "Skills",
        "Experience",
        "Education"
      ],
      "common_mistakes": [
        "Missing quantifiable achievements (67% of resumes)",
        "Poor keyword optimization (54% of resumes)",
        "Inconsistent formatting (43% of resumes)"
      ]
    }
  }
}